SET search_path TO test;

INSERT INTO "surveys" (survey_id, title)
VALUES ('e3e70682-c209-4cac-a29f-6fbed82c07cd', 'Опрос 1'),
       ('176ea1b1-6426-4cd5-9ea4-5cd69371a71f', 'Опрос 2'),
       ('d29dc5df-cf1d-4110-8cc3-6d8c77863fe5', 'Опрос 3');

INSERT INTO "questions" (question_id, survey_id, status, type, index, topic)
VALUES ('f728b4fa-4248-4e3a-8a5d-2f346baa9455', 'e3e70682-c209-4cac-a29f-6fbed82c07cd', 'ANSWERS_ONLY', 'MULTI' , 0, 'Какой ваш любимый цвет?'),
       ('fcbd04c3-4021-4ef7-8ca5-a5a19e4d6e3c', 'e3e70682-c209-4cac-a29f-6fbed82c07cd', 'ARCHIVED',     'MULTI' , 1, 'Какой жанр фильмов вы предпочитаете?'),
       ('1db53334-fb03-43a1-9576-d4155ec17dbe', '176ea1b1-6426-4cd5-9ea4-5cd69371a71f', 'EDIT_ONLY',    'SINGLE', 0, 'Какой тип музыки вы предпочитаете на вечеринках?'),
       ('11ebcd49-428a-4c22-95fd-b76a19fbeb1d', '176ea1b1-6426-4cd5-9ea4-5cd69371a71f', 'ANSWERS_ONLY', 'MULTI' , 1, 'Какой инструмент вы бы хотели научиться играть?'),
       ('e6fd68e8-d69c-41c2-b860-1602bb4a06cb', '176ea1b1-6426-4cd5-9ea4-5cd69371a71f', 'ARCHIVED',     'SINGLE', 2, 'Какое блюдо вы предпочитаете на обед?'),
       ('6a46721a-cffa-4cdd-b963-a7efe00111e5', 'd29dc5df-cf1d-4110-8cc3-6d8c77863fe5', 'ARCHIVED',     'SINGLE', 0, 'Какое время года вам нравится больше всего?'),
       ('03a89879-36a9-4d74-80de-59f550f0fc2b', 'd29dc5df-cf1d-4110-8cc3-6d8c77863fe5', 'EDIT_ONLY',    'MULTI' , 1, 'Какую книгу вы прочитали последней?');

INSERT INTO "answers" (answer_id, question_id, count, index, text)
VALUES ('eb1167b3-67a9-4378-bc65-c1e582e2e662', 'f728b4fa-4248-4e3a-8a5d-2f346baa9455', 5, 0, 'Красный'),
       ('f7c1bd87-4da5-4709-9471-3d60c8a70639', 'f728b4fa-4248-4e3a-8a5d-2f346baa9455', 33, 1, 'Зеленый'),
       ('e443df78-9558-467f-9ba9-1faf7a024204', 'f728b4fa-4248-4e3a-8a5d-2f346baa9455', 65, 2, 'Синий'),
       ('23a7711a-8133-4876-b7eb-dcd9e87a1613', 'f728b4fa-4248-4e3a-8a5d-2f346baa9455', 62, 3, 'Желтый'),
       ('1846d424-c17c-4279-a3c6-612f48268673', 'f728b4fa-4248-4e3a-8a5d-2f346baa9455', 51, 4, 'Фиолетовый'),
       ('b4862b21-fb97-4435-8856-1712e8e5216a', 'fcbd04c3-4021-4ef7-8ca5-a5a19e4d6e3c', 45, 0, 'Комедия'),
       ('259f4329-e6f4-490b-9a16-4106cf6a659e', 'fcbd04c3-4021-4ef7-8ca5-a5a19e4d6e3c', 74, 1, 'Драма'),
       ('12e0c8b2-bad6-40fb-9948-8dec4f65d4d9', 'fcbd04c3-4021-4ef7-8ca5-a5a19e4d6e3c', 27, 2, 'Боевик'),
       ('5487ce1e-af19-422a-99b8-a714e61a441c', 'fcbd04c3-4021-4ef7-8ca5-a5a19e4d6e3c', 64, 3, 'Ужасы'),
       ('5a921187-19c7-4df4-8f4f-f31e78de5857', 'fcbd04c3-4021-4ef7-8ca5-a5a19e4d6e3c', 17, 4, 'Научная фантастика'),
       ('31d0b664-0589-4877-9b02-52440950fd13', '1db53334-fb03-43a1-9576-d4155ec17dbe', 37, 0, 'Хаус'),
       ('b7d6467b-2f5a-422a-b87f-43fdf6062541', '1db53334-fb03-43a1-9576-d4155ec17dbe', 90, 1, 'Техно'),
       ('ba26d851-35e8-479a-baaf-0e891fb797fa', '1db53334-fb03-43a1-9576-d4155ec17dbe', 15, 2, 'Диско'),
       ('ade9b2b4-efdd-45f8-8fa3-4266ccfdba9b', '1db53334-fb03-43a1-9576-d4155ec17dbe', 70, 3, 'Рок'),
       ('9edfa3da-6cf5-4b15-8b53-031d05d51433', '1db53334-fb03-43a1-9576-d4155ec17dbe', 42, 4, 'Поп'),
       ('4d125e7f-a59c-4c98-926c-bc8f38884479', '11ebcd49-428a-4c22-95fd-b76a19fbeb1d', 70, 0, 'Гитара'),
       ('0fa07a3f-2e29-4065-afa2-31e959acdd98', '11ebcd49-428a-4c22-95fd-b76a19fbeb1d', 75, 1, 'Барабаны'),
       ('98b33c6e-0a14-490a-b795-e98680ee526e', '11ebcd49-428a-4c22-95fd-b76a19fbeb1d', 36, 2, 'Труба'),
       ('642aad48-fcfc-4a81-b306-d70019d5f970', '11ebcd49-428a-4c22-95fd-b76a19fbeb1d', 56, 3, 'Скрипка'),
       ('e786ab37-5bca-47be-8298-17c53308fb2e', '11ebcd49-428a-4c22-95fd-b76a19fbeb1d', 11, 4, 'Фортепиано'),
       ('b29c467d-2b5f-4932-91dc-59efeb21a3f6', 'e6fd68e8-d69c-41c2-b860-1602bb4a06cb', 73, 0, 'Суп'),
       ('c470f0e7-f76f-4fb8-b412-fc12ac322c12', 'e6fd68e8-d69c-41c2-b860-1602bb4a06cb', 30, 1, 'Салат'),
       ('28805c5d-ad1b-4f60-89e4-dab20edc6d2b', 'e6fd68e8-d69c-41c2-b860-1602bb4a06cb', 37, 2, 'Второе блюдо'),
       ('f689a4a5-ffda-4336-8c6e-90373020da5c', '6a46721a-cffa-4cdd-b963-a7efe00111e5', 80, 0, 'Зима'),
       ('d663049d-155e-48b1-ba83-ada4a2121ac5', '6a46721a-cffa-4cdd-b963-a7efe00111e5', 42, 1, 'Весна'),
       ('03c54c71-fca0-4536-a169-df82b9bdee2d', '6a46721a-cffa-4cdd-b963-a7efe00111e5', 24, 2, 'Лето'),
       ('6ae04d52-adb3-48cb-b315-8c0c66dd7794', '6a46721a-cffa-4cdd-b963-a7efe00111e5', 31, 3, 'Осень'),
       ('faf1501b-009a-415b-8137-8be5b7a28e0a', '03a89879-36a9-4d74-80de-59f550f0fc2b', 34, 0, 'Фантастику'),
       ('9cb017c1-8741-4e91-acfe-bb4bd29e8693', '03a89879-36a9-4d74-80de-59f550f0fc2b', 14, 1, 'Детектив'),
       ('9bbd750d-1e70-4c52-b0c1-fb6a19086515', '03a89879-36a9-4d74-80de-59f550f0fc2b', 90, 2, 'Роман'),
       ('4d6b234f-dfa7-46ed-b2d1-f81ba636425c', '03a89879-36a9-4d74-80de-59f550f0fc2b', 28, 3, 'Исторический роман');